gen,child,eps,Rg,err
1,1,[1.908700 2.471080 0.494025 0.917543 1.395076 0.277247 1.478250 1.126434 0.119503 1.592734 1.088432 0.651291 1.793499 0.882409 0.889101],20.187120,15.812880
1,2,[0.605402 0.199331 1.008843 0.777008 0.736138 2.300191 1.076243 2.704828 1.650335 2.329350 0.755736 2.650335 1.776052 1.665392 2.107553],13.100122,22.899878
1,3,[0.391013 0.953633 1.665153 0.721319 2.332218 2.168499 2.370459 0.774857 0.873327 2.915392 1.664914 1.303059 0.199331 1.519359 1.265535],11.848959,24.151041
1,4,[1.347514 2.613528 1.284895 1.620937 0.223470 1.257648 1.332696 1.831740 0.131453 1.822658 0.145793 1.718690 0.212715 2.150096 1.770793],19.316528,16.683472
1,5,[2.132887 1.009799 2.705067 0.745220 1.474187 1.363289 2.064532 0.515057 1.860182 2.294455 2.549235 1.422084 0.761233 1.059034 2.915392],18.277299,17.722701
1,6,[0.536568 1.819073 1.129302 3.693595 0.767208 2.379780 0.759560 2.291109 1.673518 2.084130 2.697419 0.827199 1.284417 1.259082 1.170172],18.738954,17.261046
1,7,[2.082935 0.362333 1.449809 1.462954 0.353728 1.666826 0.443356 1.143642 2.311185 0.725860 3.286329 1.494025 0.947419 0.862333 2.426386],20.978277,15.021723
1,8,[0.742591 0.742113 0.728250 2.262906 1.036568 1.888623 0.310707 1.331740 1.009321 0.722036 1.876673 1.255258 0.321463 2.185468 1.360899],14.281378,21.718622
1,9,[1.841300 2.005975 1.315249 2.888623 1.307839 0.499761 1.741157 2.536807 0.797084 0.496654 2.114962 3.057839 0.164436 0.949570 0.798279],19.324908,16.675092
1,10,[0.317400 2.202916 0.879302 2.888623 0.131453 2.042543 2.609465 1.427820 1.264818 2.143642 0.797084 0.825526 1.703872 0.437380 1.451243],15.524197,20.475803
1,11,[1.822658 2.700765 2.173757 2.705067 1.955545 1.323136 0.699331 1.941444 1.786807 1.681405 1.818117 2.945029 0.131453 1.117113 2.888623],17.307043,18.692957
1,12,[0.563098 1.188815 0.806883 2.969407 0.515057 0.928537 0.953633 0.294694 2.219646 2.422084 0.920172 3.012906 0.154159 0.485182 1.239723],15.941920,20.058080
2,1,[0.525574 0.685229 1.790153 3.738050 1.007409 2.357553 0.652964 0.958652 2.282505 1.298279 2.175191 0.639101 1.688815 1.526291 1.603728],15.434265,20.565735
2,2,[1.472275 0.521033 2.143881 0.162524 1.123088 0.409895 0.774857 1.103728 0.585564 1.528681 1.657266 1.445507 1.953155 1.762667 1.839866],15.111991,20.888009
2,3,[1.151291 2.341539 2.415870 1.866874 1.584608 3.569312 0.157505 1.834847 0.857553 0.749761 2.207457 2.112811 0.896272 1.856119 2.135038],19.281492,16.718508
2,4,[1.868786 0.957457 0.868308 1.470124 0.544933 0.399140 2.485421 2.663002 1.870220 0.567161 1.401291 0.699331 0.951482 1.573136 2.227772],15.577280,20.422720
2,5,[1.241635 1.635516 0.838910 1.358031 1.321224 1.778442 1.543738 2.085803 0.912524 0.837237 2.483031 0.820507 1.795172 0.741874 0.634321],15.621373,20.378627
2,6,[1.485182 0.976338 1.589149 0.802581 2.138145 1.779159 1.858509 0.349665 1.097036 0.119503 1.778442 2.782505 0.388384 0.329350 2.527964],15.542978,20.457022
2,7,[2.679732 2.256692 1.802581 1.736855 0.870937 1.018642 0.898901 1.660851 0.387189 3.476577 3.057839 2.170889 1.134082 1.670411 1.130975],17.654828,18.345172
2,8,[3.361138 0.956023 1.002868 2.352772 1.028920 0.583891 0.845602 1.091300 1.115440 1.695029 1.728250 1.474187 0.411329 1.627868 1.081023],21.621171,14.378829
2,9,[2.223231 1.744503 1.225621 1.693595 0.754541 1.439771 2.844407 2.663719 1.890774 0.862094 2.584130 1.325048 0.419455 1.592256 2.697419],17.489179,18.510821
2,10,[1.808795 1.109704 1.257648 1.736138 1.000000 0.485182 1.187859 0.751195 2.155354 0.731358 3.057839 1.569790 0.778203 1.470602 2.483031],26.185840,9.814160
2,11,[1.938337 0.430210 1.561185 2.256692 0.150574 1.860182 1.682839 0.262906 2.217973 1.569790 2.945029 0.903920 1.271989 0.157505 2.733987],20.683577,15.316423
2,12,[2.671367 1.748088 0.858748 2.609226 1.554971 1.720841 0.409895 1.692639 2.090583 1.149379 2.391013 1.633365 1.170650 0.549713 2.360899],22.448957,13.551043
3,1,[1.770315 1.449809 2.415870 2.005258 1.271033 0.559273 1.165392 1.963432 1.864006 0.964627 2.075048 2.554732 0.893164 1.115679 1.830784],21.533410,14.466590
3,2,[2.697419 2.084369 1.502868 2.844407 0.256214 2.428537 0.938815 2.375000 1.214149 2.253585 3.012906 0.900335 0.432600 2.346319 1.996415],18.019657,17.980343
3,3,[1.404159 1.875239 0.606358 2.850621 0.943356 1.874283 0.628107 0.119503 2.222992 0.676625 1.060946 1.667782 2.338671 0.439293 3.081023],16.510394,19.489606
3,4,[2.912763 1.360182 0.622371 2.370459 0.649379 0.752151 1.019359 0.847992 3.247371 2.141491 3.154876 0.311663 1.303537 0.626912 2.582218],20.889251,15.110749
3,5,[2.700765 0.197658 1.873327 2.341539 1.862333 0.943356 1.571224 1.861377 2.169694 1.454350 3.257648 1.313098 1.051864 0.587476 1.138145],19.773287,16.226713
3,6,[2.844407 0.484226 2.286568 1.232553 0.499761 0.319312 1.454350 1.005736 0.924952 1.269120 2.782505 1.758365 1.126195 0.277247 2.168499],21.354055,14.645945
3,7,[1.911329 2.558795 1.505736 1.516969 0.865201 1.021511 1.938337 0.838910 0.125478 1.771511 2.382170 2.136233 0.883365 1.412285 3.361138],19.818120,16.181880
3,8,[2.697419 0.740918 1.284895 2.322419 1.535851 0.221080 0.927342 1.364723 1.499283 0.909417 2.364723 1.364723 0.596080 1.624761 2.679732],23.828777,12.171223
3,9,[2.201243 2.138862 0.711759 1.755497 1.888623 1.005019 0.847036 1.268642 1.223709 1.092734 3.247371 1.159417 1.741874 1.879063 2.176864],21.766305,14.233695
3,10,[0.928537 0.131453 1.665631 2.354446 0.478250 1.564054 0.452438 1.116874 1.505258 1.235660 2.141013 1.809273 1.045650 1.144837 3.792304],15.239754,20.760246
3,11,[1.963910 1.727533 1.581979 1.968690 2.522945 0.946224 0.598948 1.121893 1.876673 0.663958 3.738050 0.775096 0.460325 0.902964 1.808078],24.323745,11.676255
3,12,[2.316922 0.651291 0.282505 1.802581 1.532744 0.473470 0.855163 1.969646 1.027008 0.119503 1.482314 1.697180 1.612333 1.505258 1.764340],16.658755,19.341245
4,1,[2.844407 0.529876 2.076004 2.500478 1.661329 0.891491 1.797801 0.952438 1.044216 0.549474 3.608987 1.480163 0.408461 2.094646 2.844407],20.262448,15.737552
4,2,[2.755975 1.194073 1.261711 1.614006 1.111138 1.233509 0.145793 0.753107 2.066922 0.191444 2.029159 2.235182 1.753346 1.445029 3.423279],19.820483,16.179517
4,3,[1.326960 1.069073 1.756931 2.439054 1.573375 0.502390 0.711520 1.527964 0.732075 0.119503 3.257648 1.514340 0.745220 1.958652 0.315249],24.788896,11.211104
4,4,[2.177103 1.509082 1.435468 3.448375 1.697897 0.349665 0.750717 1.635277 1.720841 0.489962 2.526291 0.119503 1.665153 0.520793 1.247132],21.886197,14.113803
4,5,[2.592495 2.469646 0.717495 2.239484 2.747132 0.316205 1.808795 1.609226 1.042304 1.117830 1.724426 0.516969 0.762428 1.539914 1.682839],24.203929,11.796071
4,6,[2.238050 0.737094 1.937141 1.773184 2.384799 1.583174 0.575765 0.759560 2.499283 0.185468 4.479685 2.213671 0.131453 0.517447 1.847753],25.724730,10.275270
4,7,[2.118308 2.192639 0.977294 1.522467 1.898423 1.025335 0.761472 1.482075 0.231119 0.131453 3.012906 2.096080 0.702677 2.191444 1.170172],23.000077,12.999923
4,8,[3.448375 0.752151 2.319073 0.995220 2.330067 1.195985 1.409417 1.878585 2.969407 1.885038 2.623566 1.365201 1.021033 1.577677 2.442400],19.336887,16.663113
4,9,[1.935946 1.051625 1.374283 1.655354 1.451721 0.341539 0.770793 1.266013 1.272945 1.630497 2.601816 1.676864 0.246654 0.279637 1.477055],22.205451,13.794549
4,10,[2.700765 0.865201 0.916109 3.187380 1.900335 0.811185 0.519837 1.693595 1.326243 1.127151 2.461520 0.334130 1.135277 0.952438 2.162524],21.588467,14.411533
4,11,[3.187380 1.866874 1.276769 2.187620 1.913480 0.959608 0.326243 0.164436 1.935946 1.025813 1.610660 1.532027 1.846797 1.962715 2.576482],20.122053,15.877947
4,12,[2.238050 0.719646 0.119503 2.047801 2.108270 0.208652 1.280593 0.145793 1.526291 1.070029 3.716300 0.976338 1.492830 1.389818 2.483031],20.418620,15.581380
5,1,[2.650335 1.793499 1.897706 1.698853 1.814293 1.128346 1.119264 1.927581 0.814293 0.501195 3.575765 0.992352 0.125478 1.388623 1.978011],21.666795,14.333205
5,2,[2.173279 1.027008 1.184034 2.399379 1.675191 1.604446 0.316205 2.143881 1.423279 0.759560 3.693595 2.265057 1.486377 1.407027 1.496654],25.134935,10.865065
5,3,[0.804732 0.150574 1.126195 2.143881 2.461520 1.515057 1.081740 1.429971 0.395315 0.678776 3.792304 2.283222 0.131453 1.103728 0.839149],13.460750,22.539250
5,4,[1.964149 0.372610 1.152486 2.700765 2.291826 1.498566 0.793499 1.171128 1.750000 0.660851 3.315488 2.116157 0.968690 1.741396 1.395793],17.526758,18.473242
5,5,[1.742591 2.199570 2.747132 2.850621 1.728728 1.146750 0.574092 1.497371 0.249283 1.103967 4.363289 2.190727 0.464866 0.920172 1.371654],21.311670,14.688330
5,6,[2.530354 0.131453 2.401769 2.185468 1.878585 1.673279 0.119503 2.078872 2.117830 0.461759 4.122849 1.217017 0.119503 0.631692 0.501912],21.603044,14.396956
5,7,[1.385038 1.431166 2.398662 2.469646 2.530354 0.125478 0.875000 0.560707 1.746176 0.819790 3.792304 1.217495 0.692400 2.020793 1.701721],22.979586,13.020414
5,8,[2.541348 2.117830 1.475860 2.332218 1.579828 1.491874 1.087476 2.078872 0.846797 0.417782 2.324570 1.557361 0.131453 0.672562 1.028442],19.102027,16.897973
5,9,[1.955545 1.655354 2.505258 2.912763 2.518403 1.018642 0.387189 0.451721 1.643881 0.800669 4.122849 1.863050 0.460803 0.599426 1.670650],18.540118,17.459882
5,10,[2.322419 1.768403 1.140296 0.896989 1.635516 2.163958 1.402486 1.525574 1.655354 0.258126 2.782505 2.163480 0.477533 0.737094 0.789436],21.751884,14.248116
5,11,[1.921367 2.663002 2.453633 1.588671 2.888623 1.670650 2.415870 1.579828 1.028920 0.455545 2.945029 0.998805 1.185707 0.937620 1.325048],18.642859,17.357141
5,12,[1.835803 0.125478 0.657744 2.319790 1.782505 0.526291 1.240440 0.964149 1.880736 0.145793 3.423279 1.500000 0.198375 1.680927 1.082935],15.839808,20.160192
6,1,[3.187380 1.290153 2.005975 2.407505 2.329350 2.120459 0.991874 2.005258 2.747132 2.011472 3.361138 1.913480 0.446702 0.784417 1.724426],18.472669,17.527331
6,2,[1.727533 0.561663 1.748566 1.967973 2.207935 2.905593 0.277247 2.102533 1.239723 0.941683 3.792304 1.806883 1.445268 1.043021 2.517925],14.062379,21.937621
6,3,[1.567400 1.934990 1.052581 2.182600 1.864006 1.368308 1.046606 1.376195 2.535851 1.216061 4.035612 2.027008 1.056883 0.727294 1.679493],22.264121,13.735879
6,4,[1.267447 1.411807 1.888623 1.962715 2.253585 1.481119 0.694551 1.751912 0.253585 1.372610 3.154876 2.058795 0.285851 1.875239 0.587476],20.778485,15.221515
6,5,[1.459847 0.894359 0.753107 1.701721 2.945029 0.949570 1.561185 0.119503 1.876912 1.349187 2.915392 2.295411 1.208174 1.720841 0.939293],13.910441,22.089559
6,6,[2.267925 2.105163 1.252151 2.969407 2.247132 1.261711 0.195507 1.850382 1.839149 0.845602 4.168260 1.391969 1.793499 1.156549 0.870937],20.489255,15.510745
6,7,[2.298518 2.149618 2.315010 3.247371 2.772945 1.618547 0.326482 2.107553 1.883843 0.266969 1.969407 0.524857 0.967973 2.033700 0.928537],17.606363,18.393637
6,8,[0.523184 0.770793 1.786807 2.330067 2.193117 1.774857 0.119503 2.518403 0.526291 0.461281 3.575765 1.657266 0.119503 1.588671 0.486616],14.421908,21.578092
6,9,[2.613528 1.999044 1.127629 1.759082 0.228728 1.795172 1.057600 1.708652 1.187859 0.758365 3.081023 2.278442 0.960086 0.534895 0.969168],20.615590,15.384410
6,10,[1.357075 2.038241 1.147467 2.193117 0.614245 1.556644 0.607553 0.894359 1.082696 0.779398 3.423279 1.233031 1.375717 1.032744 1.804971],25.846488,10.153512
6,11,[3.187380 1.694551 0.711520 2.278442 2.184512 1.986377 0.995698 2.332218 1.637189 0.131453 3.057839 1.743069 0.462476 1.849426 2.663002],18.753120,17.246880
6,12,[2.414914 1.930449 0.733748 2.143881 2.332218 1.909178 1.356836 0.913480 1.784656 0.164436 5.033222 2.234226 1.375717 2.540392 0.979924],24.453236,11.546764
7,1,[2.038719 2.097992 0.196463 1.967734 1.384799 1.960325 0.583891 2.267925 0.781549 0.766252 2.726816 1.345841 1.264101 2.349904 1.658222],21.680219,14.319781
7,2,[2.180927 1.428059 1.497849 2.128107 1.541826 0.876195 0.119503 1.514340 2.677820 1.555688 3.693595 1.293499 0.329350 1.277964 2.114245],23.158910,12.841090
7,3,[2.360899 3.081023 1.366157 2.969407 1.121176 1.049952 1.127629 0.973709 0.972514 0.684034 3.939054 2.053776 1.353011 2.663002 0.383843],18.911131,17.088869
7,4,[1.704828 2.576482 1.808078 2.034895 0.515774 1.291826 1.352772 1.896272 1.672562 2.010038 2.167782 2.404159 2.007409 1.123805 0.493308],23.837767,12.162233
7,5,[1.586281 1.308795 1.276530 1.771511 1.095841 2.420411 0.712476 1.273184 1.029398 0.603967 3.608987 1.151769 0.641013 1.471319 0.943356],24.689437,11.310563
7,6,[2.028681 1.426386 0.740440 2.518403 1.254541 2.338671 1.376912 0.523184 2.005258 0.714627 4.363289 2.592495 0.566444 0.591300 1.273423],21.799594,14.200406
7,7,[2.222992 3.608987 0.795889 3.081023 1.200048 1.880975 1.978967 1.268642 1.111616 1.125239 3.277008 1.558317 2.398662 1.704350 0.362811],18.154464,17.845536
7,8,[1.439532 1.784656 0.721797 1.880975 1.067400 1.729446 1.663002 1.476816 2.645554 0.790631 4.122849 3.134321 2.179732 0.591300 0.800191],18.739952,17.260048
7,9,[0.723709 1.200765 1.916348 2.613528 1.262428 2.057600 1.409895 0.231119 0.784417 0.670411 3.990440 2.310229 2.022228 2.485660 1.706262],21.355619,14.644381
7,10,[2.705067 3.132409 2.084369 3.057839 2.905593 1.731836 1.089866 0.925669 0.620220 0.275335 4.199570 0.884321 1.078155 1.661329 0.976338],17.409680,18.590320
7,11,[1.135277 3.081023 0.266969 1.911329 1.703155 1.043977 0.414436 1.607792 1.331979 0.743308 4.734226 1.254541 1.123805 2.163241 1.487094],21.428338,14.571662
7,12,[2.352772 2.057600 0.424474 1.754302 0.945746 1.056883 0.902486 0.890774 0.718212 0.734226 3.693595 1.133126 0.856358 2.320507 1.129780],27.051406,8.948594
8,1,[0.672323 1.604685 1.331740 1.597992 1.370459 1.979446 1.244503 1.552103 1.087715 1.708652 3.304015 0.208652 1.194073 1.831262 1.344646],17.658982,18.341018
8,2,[2.284417 2.138862 1.338193 1.037046 0.715344 1.069073 1.057122 0.985899 0.526291 0.803776 2.337237 1.906310 0.829828 1.753107 1.405115],24.932131,11.067869
8,3,[2.229685 2.310707 2.582218 2.230880 0.695507 1.503346 0.989484 1.540392 0.239723 0.808795 3.154876 1.303537 1.733509 1.325048 0.996893],19.299299,16.700701
8,4,[1.618547 1.623566 1.022228 2.097992 0.789197 1.847753 0.952438 0.501912 0.764818 1.013623 4.363289 1.132170 0.632409 1.851577 1.429732],25.703467,10.296533
8,5,[2.116157 1.835086 1.410851 3.154876 0.242113 0.195507 0.913002 1.879780 0.219885 1.832457 2.536807 1.140057 0.444551 2.347514 1.560946],21.432332,14.567668
8,6,[2.505258 2.019359 1.514340 1.839149 1.688815 1.129780 0.651291 1.951482 0.239006 0.496654 3.361138 1.158700 0.299235 1.242352 0.770793],23.139348,12.860652
8,7,[1.265774 2.094168 0.476816 2.594885 1.908700 1.402486 0.635277 1.251673 1.876673 0.660851 4.245698 1.610660 0.407505 0.913002 1.215822],23.402250,12.597750
8,8,[2.044216 2.945029 1.248088 1.776052 0.903681 2.227772 1.123088 0.603489 1.434512 0.673040 3.423279 1.647467 1.602294 2.012906 1.704350],20.381952,15.618048
8,9,[3.568117 1.500000 0.286807 2.888623 0.911329 1.978967 0.811185 0.635038 1.790631 1.075765 4.479685 1.030832 0.649140 1.904637 2.180927],18.002055,17.997945
8,10,[1.995220 1.160612 1.631214 2.457935 0.460803 2.521511 1.379541 1.758365 0.586042 0.374761 2.850621 1.043499 1.003585 1.527725 0.578394],26.976769,9.023231
8,11,[1.492830 1.660612 0.231836 2.697419 0.446941 1.416109 0.145793 1.615201 1.372610 0.288241 4.122849 1.869503 0.611855 1.745937 1.650574],26.460864,9.539136
8,12,[2.844407 0.648184 1.628824 2.084847 1.314293 2.143881 1.333652 0.119503 1.485182 0.317878 4.363289 0.985899 1.578872 1.159178 0.865440],22.897086,13.102914
9,1,[2.671367 1.074092 1.291109 1.913480 0.614245 1.924474 0.663958 0.336998 1.782505 1.677103 3.154876 1.385994 0.882887 1.099665 1.243786],27.106526,8.893474
9,2,[2.344168 0.450765 0.930688 2.850621 1.316444 1.108987 1.115201 0.659895 0.912285 0.623566 4.122849 1.219646 0.526291 1.709847 1.683556],22.274608,13.725392
9,3,[2.099426 2.099426 0.616635 1.243786 0.119503 2.316922 0.356119 1.690249 0.967256 1.410373 4.363289 1.486616 0.269120 1.558317 1.871654],19.567969,16.432031
9,4,[2.132887 0.532744 1.848470 2.315010 0.334130 2.451004 0.392925 1.137189 1.539436 0.441444 2.609465 2.096080 0.936185 3.154876 0.340583],22.367766,13.632234
9,5,[1.613289 2.197658 1.561185 1.787046 0.246654 2.584130 1.224426 1.865679 0.720124 0.643881 3.290631 1.650335 0.795889 2.072658 0.904637],22.613135,13.386865
9,6,[1.960325 1.736855 1.739006 2.262428 0.753107 1.761472 1.519120 1.087476 0.340583 0.724904 2.969407 0.720124 0.840583 1.733509 1.232553],22.366689,13.633311
9,7,[1.996654 0.733031 1.080306 1.733509 0.880975 0.526291 0.296367 2.396272 0.363767 0.186902 4.640057 1.931405 1.479207 1.239245 1.674235],25.197434,10.802566
9,8,[2.530354 1.926147 1.187859 2.535851 0.635277 1.351577 1.544455 1.120698 1.375239 0.651291 3.990440 1.477055 0.195507 1.400096 0.969885],24.185965,11.814035
9,9,[2.170411 1.547562 1.381931 2.679732 0.172084 2.092256 0.885277 2.253585 1.003585 1.180927 3.187380 1.623088 0.805449 1.408939 1.462476],21.697907,14.302093
9,10,[1.184990 2.850621 1.004063 2.671367 0.339388 0.990679 1.153203 1.647945 1.018403 0.288241 3.012906 1.653203 0.770076 2.216061 1.905832],19.563308,16.436692
9,11,[1.913480 1.084608 0.862333 2.697419 0.182122 0.837954 0.275335 1.476816 1.340822 0.913241 3.423279 1.534895 0.836759 0.969407 1.679015],27.527618,8.472382
9,12,[1.918499 1.057122 1.156071 2.092256 0.317639 2.250239 1.063576 1.370459 0.423040 0.603967 4.479685 1.632648 0.971080 1.560946 1.571224],25.964321,10.035679
10,1,[2.330067 0.830545 1.672562 2.579350 1.057600 1.391730 0.873327 1.734943 1.702199 1.402486 3.738050 1.082935 0.442161 0.767208 2.433795],21.420479,14.579521
10,2,[1.542782 0.805927 0.889101 2.235182 0.145793 2.223231 0.215105 0.597514 0.830306 0.811185 3.568117 0.570507 0.964627 0.911807 1.385038],24.222146,11.777854
10,3,[1.759799 1.671845 1.433317 2.915392 0.391013 1.020554 0.978489 1.422084 1.083413 0.600860 3.304015 2.031071 0.932600 1.873088 1.068356],25.451522,10.548478
10,4,[1.999044 1.193117 1.032744 1.990679 0.927342 1.679015 1.245220 1.893881 0.642925 0.499761 3.154876 1.681405 1.422084 1.172084 1.475860],21.345046,14.654954
10,5,[2.175191 0.570507 1.008604 2.663719 0.125478 1.660612 0.487572 0.942161 0.460325 0.234943 3.608987 1.308795 0.617591 2.188576 0.820507],25.190533,10.809467
10,6,[2.122132 1.882887 0.329350 2.782505 0.736138 1.030832 0.461520 2.062141 1.608748 1.105641 2.428537 2.155354 1.118547 0.376673 1.480880],23.545060,12.454940
10,7,[2.220602 1.011472 1.323136 2.623566 0.509560 1.883604 0.285851 1.098470 1.215822 0.186424 4.035612 1.782744 0.265296 1.306644 2.466539],22.535657,13.464343
10,8,[2.705067 0.915631 1.336998 3.247371 0.372610 1.683317 0.283461 1.179015 0.941205 1.619025 3.247371 1.320507 0.778203 1.712476 1.079828],20.066830,15.933170
10,9,[1.371654 1.170172 1.634321 2.726816 0.435707 1.828872 1.024379 0.755258 0.403920 0.478250 3.187380 1.478250 0.392686 1.404637 0.568834],24.812675,11.187325
10,10,[1.728489 0.494025 1.426625 2.517925 0.772467 2.190727 1.049235 1.634321 2.306405 0.381214 2.333413 1.769598 0.295172 1.039914 1.160612],17.568362,18.431638
10,11,[2.645554 0.473470 0.574092 1.460803 0.186424 0.672323 0.700287 1.381453 1.436185 1.431644 2.747132 1.930927 1.116157 0.854685 1.185707],24.461214,11.538786
10,12,[2.638384 1.263862 0.589866 2.302581 0.316683 0.477055 0.823375 1.332696 0.798757 1.284417 2.915392 1.406310 1.209369 1.693834 1.216539],24.647068,11.352932
11,1,[1.634321 1.024379 1.290153 3.575765 0.446702 1.027964 1.071463 1.273184 1.377629 0.773423 2.726816 1.389818 0.957457 1.964866 0.435946],26.016780,9.983220
11,2,[2.165392 0.704111 1.577677 2.888623 0.626912 1.132409 1.289197 1.741874 0.580784 0.346080 3.693595 2.606597 1.110660 2.207457 0.406549],24.646952,11.353048
11,3,[2.142925 1.090583 0.215105 2.640774 1.363289 0.960086 0.125478 1.423996 0.283461 1.525813 3.792304 2.401769 1.161329 1.218212 0.863528],23.901051,12.098949
11,4,[1.658939 1.337954 1.857553 3.154876 0.395793 1.891730 1.035612 1.516252 0.642925 0.131453 3.361138 2.613528 0.405593 2.238050 0.212715],21.154263,14.845737
11,5,[2.449092 1.191683 0.814293 1.989006 0.393881 0.990679 0.929015 2.276769 0.554493 0.686424 2.497371 1.162046 1.143642 2.278442 0.993069],24.367686,11.632314
11,6,[2.114245 0.811185 0.663241 2.016969 0.859943 2.576482 0.701482 1.006214 0.487572 0.191205 4.122849 2.183795 1.604685 2.059990 1.202677],17.919422,18.080578
11,7,[1.361138 1.368308 0.723948 3.057839 0.948853 1.284417 0.162524 0.430210 0.410612 0.490679 3.608987 1.484465 0.395793 2.566205 1.134082],31.122330,4.877670
11,8,[1.598709 1.051864 1.457457 2.349904 0.183317 1.657266 0.971319 1.286568 1.011233 0.935468 3.788241 1.837715 0.119503 1.161807 0.911090],24.195825,11.804175
11,9,[2.782505 0.902008 0.990679 2.592495 1.153203 1.629063 0.290631 1.326243 0.857553 0.125478 4.122849 2.333413 1.136472 1.784656 1.099904],25.367431,10.632569
11,10,[1.891730 1.316444 0.887667 3.187380 0.457457 0.784895 1.174235 2.271033 0.484226 0.250956 3.448375 1.983270 1.038719 1.380019 0.208652],24.216227,11.783773
11,11,[2.404159 1.558317 0.768642 3.290631 1.113289 1.016730 0.575765 2.041348 0.125478 0.985182 3.113767 1.322419 1.262428 1.976099 0.781788],19.453022,16.546978
11,12,[2.238050 0.887189 0.875000 2.697419 0.762428 1.087715 1.025813 1.105880 0.844168 0.738289 3.448375 1.346080 0.381214 1.546367 1.779159],25.592813,10.407187
12,1,[1.588671 0.520793 1.617591 3.608987 1.024140 1.184034 1.417782 0.543977 0.367591 0.902964 3.154876 1.221319 0.611855 2.095841 0.782505],21.985211,14.014789
12,2,[2.399379 1.516969 1.711520 1.724426 1.671845 1.304732 0.131453 1.278203 0.119503 0.820985 3.568117 1.965822 0.362333 2.755975 1.463671],24.534760,11.465240
12,3,[1.686663 1.227055 0.962715 3.257648 0.995459 1.773184 0.387189 0.657744 0.401052 1.571941 4.122849 1.781071 0.617591 1.888623 1.016730],24.484755,11.515245
12,4,[1.553298 1.472992 0.691683 2.782505 1.219646 0.716778 0.502390 0.892447 1.195985 0.845602 3.693595 0.831262 0.842256 2.310229 0.636472],24.729161,11.270839
12,5,[1.050430 1.428776 0.641013 3.361138 0.473709 2.076004 0.573614 1.095124 1.221558 0.445029 3.361138 2.475860 0.406549 2.247132 0.488767],20.776001,15.223999
12,6,[1.806883 1.292782 0.657744 2.844407 0.817400 0.788719 0.915631 1.007648 1.546367 1.055927 3.154876 1.688815 1.483031 1.450048 0.899379],27.056356,8.943644
12,7,[2.488528 0.299235 1.288719 2.782505 2.015296 1.241635 0.685229 1.364723 0.910612 1.216539 3.575765 2.250239 0.470602 1.218929 1.104924],20.327138,15.672862
12,8,[1.716539 0.363767 0.895076 3.134321 1.072658 0.761233 0.573136 0.885277 0.686424 0.393881 3.187380 1.308795 0.337954 1.889340 1.638384],27.363682,8.636318
12,9,[1.786807 1.636233 0.421845 3.187380 0.242113 0.446702 0.625000 0.349665 0.665392 0.507409 3.423279 0.612333 0.976577 1.744503 1.109704],23.312326,12.687674
12,10,[2.170889 0.768642 1.630497 3.575765 1.225143 0.872371 0.131453 0.430449 1.159895 0.119503 4.168260 1.446224 0.366635 2.472753 0.654159],23.517303,12.482697
12,11,[2.066922 0.775335 1.198614 2.915392 0.249044 0.709130 0.677581 0.716778 0.969168 0.402486 3.918499 1.005736 1.167543 1.377629 1.327438],25.110690,10.889310
12,12,[1.591300 0.638623 0.800191 2.629541 0.395793 1.175908 0.866874 0.995459 0.977294 0.673040 3.918499 1.053298 1.015057 1.224665 0.408461],30.417212,5.582788
13,1,[1.788002 1.005975 0.150574 2.905593 1.280593 1.222275 0.379063 0.858987 1.011233 0.430210 3.792304 1.259560 0.694551 2.704828 1.512906],20.560547,15.439453
13,2,[1.830784 0.169694 1.277964 3.304015 0.581023 1.410851 0.427820 1.236616 0.884321 0.590583 2.945029 1.962715 1.106358 0.479207 1.167782],22.630240,13.369760
13,3,[1.909656 0.563098 0.131453 2.766969 0.131453 1.013623 1.197180 0.832696 0.981597 0.853250 3.716300 1.287285 1.774379 1.367591 0.585086],22.935637,13.064363
13,4,[1.128346 0.486616 1.294455 2.782505 0.612333 0.479207 0.465822 0.256214 0.508365 1.027008 3.792304 0.370220 0.749761 1.805449 0.953872],22.226819,13.773181
13,5,[2.497371 0.673040 1.102055 2.283222 0.571463 1.087954 0.219885 0.679254 0.898184 0.305688 3.568117 0.661807 0.574570 1.255975 1.205784],22.860072,13.139928
13,6,[1.231597 1.039914 1.051625 2.671367 0.663719 0.571463 1.329350 0.446702 1.275096 0.539197 3.933317 1.522945 0.648901 1.466778 0.810229],26.526074,9.473926
13,7,[1.253585 0.827438 0.984226 3.315488 0.948136 0.700287 0.588910 0.993069 0.902008 0.619981 4.600143 1.451721 0.633604 1.598709 0.950526],21.499439,14.500561
13,8,[2.475860 0.574092 0.177103 2.566205 0.739962 0.706023 0.270076 0.501195 0.529876 1.032744 2.216061 0.921367 0.231119 2.229924 1.063815],24.265851,11.734149
13,9,[1.731358 0.332696 1.317400 2.395554 0.318356 1.638384 0.967256 1.362572 1.127629 1.418738 3.423279 0.325048 0.131453 1.913480 1.141969],23.297547,12.702453
13,10,[2.114245 1.372610 1.750717 3.154876 0.702677 0.693834 0.322419 0.488767 2.048996 0.212237 2.969407 1.776052 0.161329 1.157983 1.200048],24.424814,11.575186
13,11,[2.015296 0.517447 0.125478 2.566205 0.164436 0.612333 0.519120 1.152008 1.293738 0.488767 3.575765 0.701004 1.114723 1.551147 1.188815],25.501287,10.498713
13,12,[1.677103 0.476816 0.655832 3.277008 0.714627 1.368308 0.763384 0.541826 0.659895 1.419694 2.782505 1.248805 0.850621 1.146033 1.298757],24.907341,11.092659
14,1,[2.470363 0.286807 1.857314 3.247371 0.131453 1.281788 0.749044 0.491396 1.181644 0.991396 3.448375 2.124761 0.778681 1.356597 0.865440],21.609191,14.390809
14,2,[2.705067 0.529876 1.160373 3.247371 0.875000 1.490918 1.216061 0.751195 1.512428 0.233509 3.247371 1.367113 0.359226 0.125478 1.396511],20.817750,15.182250
14,3,[1.759560 1.352294 0.511233 2.782505 0.999044 0.682839 1.407027 0.844646 1.136472 0.977294 3.716300 1.022945 0.523901 2.023901 0.675191],25.186486,10.813514
14,4,[1.006931 0.835803 0.758365 2.850621 0.215105 0.208652 1.188337 0.716778 1.184990 0.178776 4.363289 1.317400 0.172084 0.630497 0.809751],27.672224,8.327776
14,5,[1.640296 1.016252 0.427820 2.332218 0.131453 1.348470 0.874044 0.468690 0.798040 0.826004 2.526291 1.183078 0.832696 2.025574 0.401052],29.592307,6.407693
14,6,[1.710564 0.991396 0.821224 3.154876 0.471797 0.755497 0.625000 0.363767 1.517447 0.450765 3.788241 1.084130 0.716778 1.125717 1.103250],23.314621,12.685379
14,7,[1.711520 0.838432 1.532266 1.956262 0.164436 0.609704 0.203155 0.959130 0.832696 0.837715 3.057839 1.387667 0.656310 0.960564 0.894359],27.132636,8.867364
14,8,[2.010038 1.274618 0.367591 2.638384 0.887667 0.310707 1.065488 0.761472 1.097514 0.594168 4.600143 1.011233 0.233270 1.485660 1.701243],30.622970,5.377030
14,9,[1.486377 0.852294 1.096558 2.671367 0.638145 1.007409 0.903920 0.781071 1.703872 0.826960 3.448375 0.896033 0.929254 1.359943 1.357075],22.777080,13.222920
14,10,[2.020793 0.930688 0.157505 2.488528 0.649140 0.356119 1.207457 1.048279 1.009321 1.520793 2.483031 0.884082 0.903681 1.176386 0.804732],28.137721,7.862279
14,11,[2.204350 0.996176 1.191683 2.340583 0.306166 0.131453 0.990679 0.564532 1.839866 1.315249 3.013145 1.070029 0.962476 1.073375 0.737572],24.626755,11.373245
14,12,[1.663480 0.865440 0.254780 2.945029 1.110899 0.934751 0.211042 0.155354 1.056883 0.970363 3.788241 1.072658 0.867352 1.010516 0.502390],29.644748,6.355252
15,1,[1.732314 0.979924 0.753107 2.650335 0.759560 0.175908 1.067400 0.589149 1.146033 1.310229 3.788241 0.646989 1.002868 1.053298 0.793977],24.435643,11.564357
15,2,[1.773184 1.414436 0.912763 3.013145 1.512428 0.370459 0.275813 0.367591 0.996654 0.913241 3.788241 1.414436 1.072658 1.165392 1.101577],26.277740,9.722260
15,3,[1.410851 1.938576 0.486616 2.844407 0.211042 1.110421 1.259560 0.572419 1.559512 0.628585 3.257648 1.564771 0.725860 1.072419 0.914436],23.769946,12.230054
15,4,[1.193117 1.150813 0.362811 2.111855 0.198375 0.901052 0.571463 0.296367 0.590583 1.036807 3.693595 0.893164 0.279637 0.601816 0.767208],30.080540,5.919460
15,5,[1.897706 1.427342 0.131453 2.541348 0.305927 1.366635 1.809273 0.253585 0.546606 0.900813 3.012906 0.666826 0.419694 1.471797 0.705067],29.450520,6.549480
15,6,[1.204589 1.286568 0.664914 2.316444 0.616635 0.992352 0.511472 0.520793 0.231119 0.586042 3.608987 1.651530 0.978489 1.784656 1.172801],25.672209,10.327791
15,7,[1.552581 1.138145 0.641013 2.844407 0.218690 0.753107 1.432122 0.716778 0.989484 0.392686 3.575765 0.856358 0.572419 1.296128 0.388384],27.440989,8.559011
15,8,[1.598709 1.790870 0.178776 3.315488 0.566444 0.507409 1.164197 1.102055 0.703155 1.072658 3.693595 0.651291 0.716778 0.936185 1.149379],25.919878,10.080122
15,9,[2.070985 0.889579 0.722514 3.105641 0.145793 0.161329 1.012667 0.609704 1.222753 0.900335 3.448375 1.750956 1.144837 0.878346 0.655832],26.699329,9.300671
15,10,[1.667782 1.867591 0.177103 2.747132 1.249283 1.124044 0.145793 0.589866 1.339627 1.068356 4.479685 1.068356 0.894359 1.531549 0.470602],22.414968,13.585032
15,11,[1.027008 1.509799 0.398662 2.396272 0.841061 0.831740 0.580067 0.949570 1.115201 1.573614 3.568117 0.344646 0.789675 1.337954 1.182122],28.134195,7.865805
15,12,[2.220602 1.442400 0.256214 2.240440 0.887667 0.737572 1.179015 0.433078 1.114484 0.860421 4.245698 0.476577 0.635038 0.802581 1.392925],25.098075,10.901925
16,1,[1.304015 1.125717 0.538002 1.830784 0.157505 1.713671 0.882409 0.173279 0.844646 1.793499 3.476577 0.175908 1.685229 1.366874 1.048279],24.462021,11.537979
16,2,[0.781071 0.874044 1.275096 2.726816 0.572419 1.506931 0.682839 0.567639 0.569073 0.556883 3.716300 0.816683 1.026530 1.001195 0.239006],26.190631,9.809369
16,3,[2.216061 1.816444 0.184990 1.929732 0.532744 0.762428 1.029637 0.393881 1.139818 0.635994 3.918499 1.364723 0.896989 0.959369 0.271750],26.257762,9.742238
16,4,[1.016730 1.750000 1.015057 2.915392 1.188815 1.828872 1.088193 0.853250 0.286807 0.696941 3.608987 1.086520 0.521750 1.150096 0.798757],22.451991,13.548009
16,5,[1.169216 1.820029 0.690488 2.049713 0.883843 1.478489 1.845841 0.608987 1.021511 0.989484 3.575765 0.696941 0.424474 0.678776 0.800191],26.493334,9.506666
16,6,[1.614006 1.800908 0.876673 1.675191 1.010994 0.506692 0.575765 0.549235 0.432839 0.696941 4.035612 0.832696 1.194073 1.250717 1.230163],26.652841,9.347159
16,7,[1.820268 1.101577 1.031310 2.407505 1.350143 1.115679 1.147467 0.482792 0.978250 0.510277 3.738050 0.803298 0.948614 0.577199 1.017447],25.102154,10.897846
16,8,[0.706023 2.218929 0.417782 2.540392 0.303537 0.781071 1.667065 0.405115 0.808078 0.909895 3.361138 0.484226 0.154159 0.867352 0.169694],26.773846,9.226154
16,9,[1.373327 1.016969 0.559273 3.608987 0.603728 1.339149 0.505497 0.325048 0.119503 0.815488 4.199570 1.727533 0.155354 0.951004 0.696224],27.444371,8.555629
16,10,[0.635755 1.298040 0.580784 2.033700 0.249283 1.628824 0.680210 0.311663 0.253585 0.249044 3.990440 0.914197 0.193117 1.583652 0.250956],29.132672,6.867328
16,11,[2.095602 1.676625 0.262906 1.815727 0.541109 0.958891 0.696941 1.322180 0.815488 1.042543 3.489484 1.263862 0.145793 1.750000 1.392925],26.573714,9.426286
16,12,[2.225860 0.739245 0.885277 3.361138 0.690488 0.666587 0.896272 0.154159 1.452916 0.583174 3.448375 1.135277 0.489962 0.905832 0.540153],24.355435,11.644565
17,1,[0.832218 1.323136 1.082457 2.470363 0.994264 0.353728 1.001195 1.024140 0.186902 0.174474 3.792304 1.688815 1.032744 1.295411 0.678059],29.444306,6.555694
17,2,[0.929493 0.707457 0.432600 2.384799 0.315249 0.941683 0.802581 0.863528 0.618308 0.145793 4.122849 0.781071 0.689771 1.556644 0.269120],22.978512,13.021488
17,3,[1.389818 1.654637 0.154159 1.965822 0.905115 1.373327 0.937620 0.145793 0.384799 0.753107 4.245698 1.415631 0.923996 1.742352 0.664914],25.520172,10.479828
17,4,[1.422084 1.685468 0.599426 2.663719 0.231119 0.755975 1.220841 1.296128 0.366635 0.990679 3.489484 1.434512 0.694073 1.821702 0.529876],25.578065,10.421935
17,5,[0.656310 1.658939 0.965105 2.398662 0.331023 1.282505 1.160612 0.548040 0.145793 0.310707 3.792304 0.382409 0.314293 1.010038 0.430210],27.628390,8.371610
17,6,[1.220363 1.405832 0.342734 2.601816 0.332696 0.925669 1.215105 0.512667 0.487572 1.114484 4.245698 0.443356 0.177103 0.981597 1.127629],27.062148,8.937852
17,7,[1.158222 1.708652 0.262906 3.113767 0.725143 0.410612 1.558078 0.868308 0.356119 0.679732 4.035612 1.694551 0.436663 2.188576 1.115918],23.093981,12.906019
17,8,[1.712476 1.000000 0.326243 1.958652 0.583174 2.168499 0.847275 0.421845 0.318356 1.153920 4.168260 0.915631 0.338671 0.910612 0.383843],23.158777,12.841223
17,9,[1.377151 1.197897 0.119503 2.483031 0.556883 0.628824 1.157983 0.883365 0.605402 1.160373 3.187380 0.947419 0.900335 0.938815 0.119503],33.902917,2.097083
17,10,[1.349665 1.533461 0.198375 2.349904 0.119503 1.287524 1.443356 0.768164 0.719407 0.245220 3.568117 0.912524 0.183556 0.359226 0.401530],25.599686,10.400314
17,11,[0.535373 1.624283 0.250956 2.229207 0.403442 1.488767 0.904637 0.783939 0.246176 0.283461 3.939054 1.196941 0.692400 1.498088 0.294694],26.460640,9.539360
17,12,[1.782505 0.987572 0.415870 2.320507 0.514101 1.345602 1.350143 1.038241 0.331023 0.420889 3.939054 1.262189 0.321463 1.019837 0.234943],23.893351,12.106649
18,1,[1.028442 1.287763 0.740918 2.905593 0.306166 0.412285 1.390774 1.829111 0.731358 0.546606 3.990440 0.875000 0.657744 1.037285 0.580067],26.957918,9.042082
18,2,[0.826960 1.056644 0.556883 2.384799 0.119503 1.042543 1.044216 0.812380 0.561902 0.994264 3.608987 0.832218 0.970602 0.852772 0.614245],23.126560,12.873440
18,3,[0.685229 1.428776 1.290870 2.183795 0.502390 0.383126 0.906310 1.059034 0.203155 0.874283 3.918499 1.038241 0.720124 0.690488 0.359226],30.412079,5.587921
18,4,[0.954589 1.291109 0.751195 2.679732 0.186902 1.561185 0.472036 1.589388 0.900813 0.273901 4.600143 1.154159 0.545889 1.620937 0.178776],31.483503,4.516497
18,5,[0.872371 1.860182 0.404876 2.704828 0.969168 1.522467 1.036090 0.285851 0.200048 0.734226 3.990440 0.592734 0.966778 1.565727 0.551386],24.906712,11.093288
18,6,[0.478250 1.633365 0.183317 1.945268 0.836042 0.630975 0.550191 0.886233 0.664436 1.127868 4.363289 0.717017 0.131453 1.786090 0.761472],16.524945,19.475055
18,7,[1.177342 1.437859 1.066444 2.361377 0.877151 1.199331 1.120698 0.891491 0.316205 0.150574 3.693595 1.235182 1.119742 0.668738 0.559034],24.403257,11.596743
18,8,[1.389579 1.128346 0.817639 3.081023 0.198375 1.744981 0.651291 0.835086 0.272228 0.367591 3.738050 1.084608 1.288958 1.048279 0.811185],24.918333,11.081667
18,9,[0.849187 2.392447 0.119503 2.133365 0.824331 0.961759 0.806883 0.681644 0.641013 0.696224 3.081023 0.821224 0.863289 1.300430 0.336998],20.598095,15.401905
18,10,[1.383843 1.885038 0.552103 2.376673 1.010994 1.222753 1.339149 1.046845 0.145793 1.154159 3.247371 0.945029 0.693834 0.829828 0.781549],32.543263,3.456737
18,11,[1.016969 1.472992 1.534417 2.014101 1.642686 0.678776 1.549713 0.780115 0.579350 0.131453 4.363289 0.619025 1.381931 1.009321 0.200048],21.885519,14.114481
18,12,[0.972992 1.036807 1.273662 2.479924 1.391969 0.178776 0.668738 1.020793 0.850621 0.630975 3.608987 0.712476 1.189532 0.862572 0.372610],29.518023,6.481977
19,1,[0.577916 1.379063 0.600860 2.733987 0.145793 1.182122 0.510516 1.755019 0.516252 0.692400 3.569312 1.587715 1.130736 0.962715 0.471797],20.041411,15.958589
19,2,[1.328155 1.824570 0.770554 2.230880 0.282027 0.509321 0.316683 0.753107 0.125478 1.584847 3.423279 0.561902 0.774379 1.111616 0.211520],23.044649,12.955351
19,3,[1.983748 1.322658 1.123805 3.247371 0.631692 0.995220 1.034656 1.185707 0.676386 0.780354 3.918499 1.557361 0.487572 1.283222 0.590822],24.927039,11.072961
19,4,[0.803776 1.614723 1.184034 2.679732 0.391730 0.953872 0.410612 2.209130 0.250956 0.425430 3.423279 0.594646 0.753107 0.999044 0.198375],23.206883,12.793117
19,5,[0.930688 1.163002 0.580784 3.154876 0.543977 1.660134 0.972275 1.033939 0.600382 1.259560 3.608987 0.937620 0.574570 1.045650 1.025096],28.509215,7.490785
19,6,[1.022228 1.128346 0.119503 2.532505 0.916587 0.516013 1.311424 0.766491 0.131453 0.891730 4.168260 1.547562 0.768164 1.333652 0.360899],28.127016,7.872984
19,7,[0.666109 1.574809 0.985182 2.261711 2.123088 1.211998 0.709130 1.286807 0.697897 0.923040 3.277008 1.241396 0.249044 0.785134 0.595602],19.863994,16.136006
19,8,[0.477294 1.280593 0.929493 1.695985 0.239006 1.065488 0.999761 0.831740 0.674235 0.723709 3.608987 1.428298 0.706023 0.437380 0.403442],24.631589,11.368411
19,9,[0.880258 1.626912 0.887667 1.900335 1.218212 0.221080 1.870698 1.590822 0.652964 0.870459 3.693595 1.771511 1.036568 0.648901 0.938815],30.071611,5.928389
19,10,[1.118547 1.038719 0.774857 2.461520 1.635277 0.455545 0.805927 1.311902 1.016969 0.785612 2.623566 1.033939 1.106836 1.250478 0.707696],25.018885,10.981115
19,11,[1.565727 1.599426 1.127151 2.338671 1.059751 0.909656 1.320507 0.988528 0.749761 0.500239 3.315488 0.723709 0.961281 1.076721 1.266491],24.499519,11.500481
19,12,[1.147467 1.563576 1.059273 2.645554 0.526291 0.736138 0.848470 1.228728 0.600860 0.660851 4.479685 1.635277 0.873327 1.095841 0.383126],25.329558,10.670442
20,1,[0.990679 1.697897 1.669694 2.541348 1.380019 0.154159 0.949570 1.255258 0.904637 1.317400 3.247371 1.722753 0.339388 1.134082 1.532983],24.556046,11.443954
20,2,[0.772467 1.451721 0.395793 2.370459 1.445268 0.903920 1.522945 1.301386 0.810229 1.262189 3.738050 1.063815 1.686424 0.515057 0.604685],18.888287,17.111713
20,3,[0.519837 1.974904 0.958413 1.973709 1.678298 0.834847 1.435946 1.019359 0.119503 1.565727 3.476577 2.016013 1.084130 1.296367 1.209130],20.476689,15.523311
20,4,[1.509082 1.308795 0.850621 2.431166 1.189532 0.800191 1.133126 1.170172 0.492113 0.883126 4.199570 1.735182 0.517447 0.811185 0.815010],21.401772,14.598228
20,5,[0.865201 1.578872 0.393881 2.357553 1.025813 0.155354 0.641013 1.207935 0.933317 0.610899 3.792304 1.135277 0.938815 1.059034 0.673040],23.807820,12.192180
20,6,[0.971080 1.492591 0.717495 1.665631 0.464866 0.172323 2.239484 1.005736 0.215105 1.244503 3.568117 1.688815 0.862572 1.083652 0.865440],23.700167,12.299833
20,7,[1.707696 2.679732 0.270076 2.850621 0.496654 0.476816 1.184990 0.770793 0.748327 1.720124 4.122849 0.769598 0.573614 0.886233 0.874761],21.821212,14.178788
20,8,[1.159656 1.782505 1.082935 2.472753 0.987572 1.786090 1.016969 1.270076 0.125478 0.401530 3.792304 1.206023 0.526291 0.610182 0.666109],21.757912,14.242088
20,9,[0.208652 1.011950 0.298757 2.503346 0.867352 1.256214 1.728728 1.111138 0.256214 0.625478 3.476577 1.267447 0.817878 1.501912 0.777247],13.839178,22.160822
20,10,[1.166109 1.423279 0.191205 2.271989 0.945746 1.083652 1.874283 0.878107 1.089627 1.071463 3.423279 1.113767 0.398662 0.715583 1.065966],20.959140,15.040860
20,11,[1.681883 1.642686 0.764579 2.623566 0.543977 0.717495 1.688098 1.046606 0.131453 0.249044 3.716300 1.441205 1.244742 0.877629 0.759560],27.684221,8.315779
20,12,[1.073375 1.306644 0.676386 2.005258 1.204111 1.099187 1.709847 0.380975 1.674235 0.657744 4.600143 1.328394 0.862333 1.249761 0.508365],27.774315,8.225685
21,1,[1.228250 1.953155 0.685707 2.125717 1.194073 0.336998 1.045650 0.603250 1.829589 0.539197 3.608987 1.678298 1.580306 1.274618 1.484465],22.186526,13.813474
21,2,[0.892447 1.926147 0.673040 2.705067 0.746415 0.853250 1.303059 0.935468 1.502868 0.510755 3.788241 1.059034 1.529398 1.184990 1.100143],25.721260,10.278740
21,3,[1.856119 1.522467 0.906549 1.865679 0.780115 1.080784 1.356836 0.508365 1.131931 0.636472 4.600143 1.604685 0.865440 1.088193 1.249761],26.486590,9.513410
21,4,[1.614245 1.675191 0.383843 2.415870 0.902964 0.489006 1.562620 0.889579 0.836520 0.517447 4.363289 1.915153 0.877868 1.112333 0.846319],25.532817,10.467183
21,5,[1.815727 1.828872 0.895793 2.663002 1.008126 0.838432 1.512906 0.652964 1.187859 0.671845 4.734226 1.644837 0.546606 1.123327 0.488289],21.054720,14.945280
21,6,[1.020793 1.008604 0.659895 2.905593 0.339627 1.099904 1.420889 0.511472 0.957457 0.887189 3.918499 1.272945 0.722036 1.496654 0.131453],30.397845,5.602155
21,7,[1.552103 0.802581 0.709130 2.329350 1.001434 0.343690 1.749044 0.526052 1.864006 1.166587 2.969407 1.213910 1.179493 1.129780 1.344885],25.650327,10.349673
21,8,[0.886233 1.457457 0.561902 2.606597 1.163241 0.906549 1.532027 0.516491 1.361616 0.326243 4.245698 1.574809 1.115440 1.397706 0.125478],21.523838,14.476162
21,9,[1.488289 1.704350 1.054732 2.551625 1.122371 0.762428 1.694551 0.145793 1.451243 0.376912 4.479685 1.189771 0.895076 1.070985 0.687859],22.874724,13.125276
21,10,[0.323136 2.058795 1.097514 2.782505 0.753107 0.769598 1.804971 0.418021 0.741396 1.119742 4.168260 1.577677 0.372849 0.648901 0.842734],23.842023,12.157977
21,11,[1.466539 1.233987 1.074092 2.969407 1.171845 0.594168 0.239006 0.719407 1.313098 0.831740 3.423279 0.996176 1.154637 0.985182 1.303059],24.477741,11.522259
21,12,[1.518403 1.084847 1.051625 2.545411 1.217017 1.112811 1.228489 0.686424 0.953872 0.561424 4.245698 1.223231 1.501912 0.940249 0.762428],25.349202,10.650798
22,1,[1.241396 1.082935 1.169694 2.453633 1.080306 0.908939 0.770793 0.595602 1.081023 0.402486 4.734226 1.641730 0.445029 1.016969 0.801147],31.898995,4.101005
22,2,[1.236138 0.979924 0.628107 2.782505 0.125478 1.292304 1.776052 0.197658 0.644598 0.894359 4.122849 1.096558 1.528203 1.242113 0.411329],30.609670,5.390330
22,3,[2.162524 0.971558 0.745220 2.782505 0.577199 0.581740 1.149140 0.939293 1.281788 1.624283 3.423279 1.769598 1.184273 1.274618 1.164436],24.655191,11.344809
22,4,[1.380736 1.754780 0.603250 2.466539 0.399140 1.109704 2.155354 0.697897 0.905832 1.130975 3.568117 1.127151 1.614006 1.480402 0.193117],23.579507,12.420493
22,5,[1.414436 1.456740 1.612811 2.304015 0.119503 1.041587 1.803776 1.539914 0.529876 0.311663 4.600143 1.665631 1.031310 1.434512 1.045650],26.024864,9.975136
22,6,[2.005736 1.473470 0.670411 2.225860 0.815488 1.419694 1.791587 0.445029 1.483509 1.076721 4.245698 1.155832 0.927342 0.972992 0.951721],26.292287,9.707713
22,7,[1.676625 1.427342 0.119503 2.945029 0.509321 1.520554 0.923040 0.685707 0.694551 0.971558 3.489484 1.320268 0.277247 0.895554 0.847275],23.437005,12.562995
22,8,[1.864006 1.711042 0.541826 2.566205 0.925669 0.773423 1.148901 0.914675 1.059034 0.904637 4.035612 1.634321 0.647467 0.753107 1.160373],23.225087,12.774913
22,9,[0.733031 1.085325 0.718212 2.631214 0.233270 0.412763 1.148901 0.504541 2.099426 0.844407 3.792304 1.167543 1.212715 1.099665 0.606358],27.833328,8.166672
22,10,[1.734943 0.937859 0.391730 2.726816 0.288241 0.468690 1.750956 0.484226 1.096080 1.414675 3.568117 0.733748 1.720124 0.997371 0.844885],22.905421,13.094579
22,11,[1.448614 2.059990 1.086520 2.912763 0.524857 0.633843 1.899379 0.997849 0.803298 0.523901 3.918499 0.657744 1.383843 1.688815 0.827199],21.428331,14.571669
22,12,[1.536568 1.362094 0.548040 2.782505 0.832218 0.956740 1.697897 0.507170 1.077677 0.742113 3.423279 0.775813 1.620937 1.355880 0.360421],25.009198,10.990802
23,1,[1.327916 1.163719 0.909656 2.163241 0.964149 0.897228 1.060946 0.620220 0.430210 0.402725 3.788241 1.415153 0.531071 1.490440 0.481836],30.061018,5.938982
23,2,[0.993069 1.392925 0.945746 2.650335 1.002868 0.718212 0.967973 0.581023 1.607792 1.014818 4.363289 1.534178 1.473948 0.848470 0.619981],23.801259,12.198741
23,3,[1.028442 1.485182 0.979446 2.606597 0.360899 0.881931 0.666826 0.266969 1.868786 0.437380 3.608987 1.161568 0.715583 1.344885 0.541826],25.642819,10.357181
23,4,[0.739245 0.633604 0.667543 3.154876 0.119503 0.467495 1.231358 1.121893 0.905115 1.143642 4.168260 1.300908 1.080784 0.964149 0.902486],24.774834,11.225166
23,5,[1.228489 1.153920 0.453633 2.485660 0.964866 1.299713 1.269120 0.930688 0.983270 0.432600 4.640057 1.765774 0.968451 1.144837 0.701482],25.375435,10.624565
23,6,[1.604685 1.184990 0.392686 2.405832 0.521989 0.859226 0.950526 0.798040 1.657266 0.897228 4.479685 1.305927 1.457935 1.322658 0.871176],29.098994,6.901006
23,7,[1.057122 0.983987 0.568356 2.782505 0.687380 0.487572 0.989484 0.594168 1.054254 0.239006 4.479685 0.919216 1.316444 1.118547 0.356119],26.076149,9.923851
23,8,[1.089627 1.436424 1.288958 2.733987 0.623088 1.212715 1.515057 0.405115 1.163002 0.623566 4.479685 0.982553 0.650096 1.249283 0.983987],28.155435,7.844565
23,9,[1.271033 1.173518 0.755019 2.384799 0.508365 0.607314 1.120698 0.645315 0.157505 0.795411 3.918499 1.209369 1.345363 1.387667 0.401530],28.832263,7.167737
23,10,[1.553298 1.270076 1.504302 2.623566 0.524857 0.983270 1.764101 0.696224 1.108748 0.898901 4.122849 1.365440 0.611855 1.281549 0.131453],22.030483,13.969517
23,11,[1.380019 0.550191 1.106119 2.265057 0.811185 0.902247 1.760516 0.360421 0.884321 0.384799 3.423279 1.259799 1.340344 1.415392 0.654159],29.446053,6.553947
23,12,[1.288480 1.359226 0.901530 2.155354 0.560946 0.256692 1.305927 0.858270 1.732314 0.407505 4.122849 1.255975 1.231597 0.780832 0.434512],25.039583,10.960417
24,1,[1.310229 0.800191 0.747132 2.905593 0.848948 0.789197 1.138623 0.949570 1.166109 0.372610 3.792304 1.191683 0.594168 0.963910 0.695507],25.039887,10.960113
24,2,[1.062620 0.659895 1.246893 2.210803 1.463671 0.448375 1.570507 0.718212 0.987572 0.119503 3.693595 1.053776 0.511472 1.233509 0.704111],20.736456,15.263544
24,3,[1.765057 1.220363 0.944073 1.882887 0.803298 0.282027 1.154398 0.466061 0.315249 1.079589 3.939054 1.367113 0.824331 0.777247 0.233270],26.227164,9.772836
24,4,[1.589388 0.717495 0.933317 1.687859 0.191205 0.708413 1.082935 0.456501 0.298757 0.603489 3.939054 1.142925 1.123327 1.522467 0.462476],29.019044,6.980956
24,5,[1.300669 0.788719 0.568834 2.479924 0.908939 0.846080 1.106597 0.334608 1.053776 0.762428 3.738050 1.086520 0.965583 1.440010 0.499761],23.934179,12.065821
24,6,[1.300669 0.501195 1.328155 2.230880 1.269120 1.075526 1.053776 0.424474 0.963432 0.432600 4.245698 1.184034 0.657744 1.136233 0.476816],23.087411,12.912589
24,7,[1.367591 1.038241 1.242830 2.225860 0.558317 0.860899 1.902964 0.628107 0.327438 0.792304 3.693595 1.680449 0.673040 1.524618 0.997610],23.577208,12.422792
24,8,[1.461998 0.990679 0.583174 2.185946 0.650096 1.043021 1.638623 1.025813 1.090105 0.798279 3.918499 0.950526 1.308795 1.292782 0.310707],25.695566,10.304434
24,9,[0.750239 1.212715 0.643403 2.229924 0.933078 1.013623 1.302581 0.524857 0.923040 0.334608 3.918499 1.414197 0.989245 1.634321 0.347992],21.604007,14.395993
24,10,[1.270076 1.258365 0.578633 2.345363 0.739962 0.687859 1.271989 1.004302 0.746893 0.440966 4.199570 1.101577 1.338193 1.270076 0.447658],30.758427,5.241573
24,11,[1.056883 1.102055 0.957457 2.291109 1.228728 0.595124 1.479924 0.997849 0.647945 0.425430 3.990440 0.979446 0.697897 1.648423 0.687859],27.653051,8.346949
24,12,[1.724426 1.206023 1.247849 2.250239 0.866874 1.110421 1.417065 0.685707 1.011233 0.728967 3.716300 1.654876 0.713910 1.166587 0.372849],27.967549,8.032451
25,1,[1.781071 0.839627 0.570985 1.653442 0.448375 0.807122 0.816205 0.964627 0.623566 0.532983 3.738050 1.278203 1.133126 1.127151 0.376673],24.808188,11.191812
25,2,[1.413958 0.948136 0.746415 2.063576 0.606358 0.858031 1.287763 0.447658 0.645554 0.529876 3.788241 1.109943 1.023423 1.077677 0.302103],23.984121,12.015879
25,3,[1.499044 1.159417 1.025813 1.866157 0.929971 0.538002 1.562620 0.967017 0.722992 0.779159 3.693595 1.140057 0.758365 1.499761 0.641013],25.544493,10.455507
25,4,[1.408461 0.835564 0.547562 1.883604 0.765535 0.983270 1.616635 0.765535 0.467017 0.384799 3.575765 0.993069 1.059034 0.994264 0.125478],24.130509,11.869491
25,5,[1.286568 1.293738 1.032505 2.297084 0.450765 1.322419 0.891491 0.812380 0.816683 1.150813 3.716300 1.159656 1.032505 1.426625 0.549474],23.548763,12.451237
25,6,[1.084369 1.326960 1.238528 2.096080 0.918021 1.118069 1.551147 0.449092 1.017925 0.498327 3.918499 0.878346 0.816205 1.890057 0.692400],26.199974,9.800026
25,7,[1.964866 0.959369 0.800191 2.284417 0.585086 0.817400 1.233987 0.705067 0.321463 0.496654 4.479685 1.402008 0.717495 1.416587 0.282027],24.097555,11.902445
25,8,[1.252151 1.076482 0.701004 2.346319 0.616157 0.860899 0.789197 1.103011 0.521033 0.536568 3.568117 1.402008 1.039914 1.635277 0.868308],23.414528,12.585472
25,9,[1.025813 1.159417 0.482792 2.541348 0.914675 0.834369 1.409895 0.404876 0.227055 0.323136 3.693595 0.934273 1.295411 1.225621 0.283461],23.541815,12.458185
25,10,[1.416109 1.138145 0.879063 2.093212 0.197658 0.873327 1.551864 0.682839 0.832696 0.729685 3.990440 1.435946 1.260755 1.137189 0.510755],29.778768,6.221232
25,11,[1.691444 0.730880 0.844885 2.150335 0.951004 0.896511 1.406310 0.372610 0.494025 0.157505 3.693595 1.084130 0.659895 1.252868 0.702677],25.674928,10.325072
25,12,[1.570507 1.352772 0.780593 1.798996 0.493308 1.012428 0.913002 0.897945 0.610899 0.788719 4.479685 0.905354 0.819790 0.690010 0.384799],25.646059,10.353941
26,1,[1.350860 1.027008 0.540153 1.833174 0.574570 0.972275 1.534895 0.762428 0.536090 0.223470 3.918499 1.044216 0.844646 1.488050 0.624761],32.323690,3.676310
26,2,[1.526530 1.112811 0.893164 2.018642 0.741396 0.869981 1.195029 0.477533 0.994264 0.637667 3.448375 0.876195 0.688337 1.222275 1.063098],31.520550,4.479450
26,3,[1.572180 0.876195 1.027964 2.311185 0.203155 0.625000 1.308795 0.862094 0.707457 0.526291 3.918499 1.327916 0.988767 0.892447 0.502390],24.905077,11.094923
26,4,[1.649857 0.735421 0.638145 2.497371 1.085564 0.657744 1.184990 0.119503 0.985182 0.700765 4.035612 1.420411 1.071941 1.481836 0.398423],27.565114,8.434886
26,5,[1.584847 0.803298 1.028920 2.140296 0.668738 0.898184 1.485660 0.782266 1.462954 0.606358 3.933317 1.192878 1.072658 0.857314 1.063576],26.844767,9.155233
26,6,[1.584608 1.202916 0.563098 2.284417 0.711520 1.463671 1.486377 0.606358 0.782505 0.654637 3.423279 1.129780 0.596797 1.298996 0.575765],23.734991,12.265009
26,7,[1.554015 1.097992 0.873327 1.934273 0.841539 0.549474 1.379780 0.997849 1.046845 0.828872 3.608987 1.132409 1.431644 1.166826 0.785612],29.109627,6.890373
26,8,[1.118308 1.414197 0.512428 1.847753 0.941205 0.649618 1.686902 0.738289 0.917304 0.466061 4.363289 1.141969 0.929254 0.798757 0.536568],28.563354,7.436646
26,9,[1.429732 1.036568 0.565010 2.456979 0.693834 0.793260 0.924952 0.200048 0.565010 0.563098 3.792304 0.998805 1.092017 1.405832 1.105641],27.656917,8.343083
26,10,[1.336042 0.926864 0.880258 1.876912 0.453633 1.052581 1.862333 0.874283 0.269120 0.633604 3.738050 1.137189 0.749044 1.153203 0.524857],33.029038,2.970962
26,11,[1.261472 1.235182 1.343451 2.193595 0.735182 0.915153 1.006214 0.984465 0.739962 0.489006 3.693595 1.386711 1.191444 1.439054 0.886472],27.927994,8.072006
26,12,[1.298040 1.314532 0.819551 2.420411 0.448375 0.930688 1.396272 0.526291 0.277247 0.543977 4.734226 1.243786 0.709130 0.827438 0.348948],29.594686,6.405314
27,1,[1.447180 1.295411 0.967734 2.105880 0.753107 0.556883 1.773184 1.179015 0.125478 0.462476 3.489484 1.061424 0.991396 0.819073 0.676386],23.950860,12.049140
27,2,[1.433317 1.112094 1.048279 2.320507 0.269120 0.619264 1.510755 0.842734 0.559273 0.644837 3.918499 1.147945 0.651291 1.122371 0.675191],28.261524,7.738476
27,3,[1.250717 1.262906 0.741396 1.923040 0.924952 1.165392 1.444073 1.086520 0.620220 0.841778 3.608987 1.458174 0.326482 1.231836 0.649618],29.535470,6.464530
27,4,[1.801864 0.574092 0.989484 2.340583 0.424474 1.078155 1.472992 0.985421 0.663241 0.211042 4.122849 1.051147 1.100621 1.229924 0.908700],25.941906,10.058094
27,5,[1.392925 1.197180 0.506692 1.632648 0.556883 1.148423 1.636233 0.536568 0.756931 0.841778 3.286329 0.735421 0.736138 1.064532 0.154159],27.798816,8.201184
27,6,[1.418260 0.820507 0.874761 2.240440 0.218690 0.657744 1.422801 0.487572 0.524857 0.644120 3.693595 1.278681 1.127151 1.374761 0.722514],32.203811,3.796189
27,7,[1.345124 1.299713 0.965583 2.120459 0.773901 1.211281 1.376195 0.748327 0.910373 0.125478 3.792304 1.134560 0.830545 1.099904 0.776291],27.884665,8.115335
27,8,[1.604685 0.733748 0.690010 1.942878 0.329350 0.526291 2.025574 0.724904 0.482792 0.782983 3.277008 1.176864 0.699331 1.610660 0.277247],29.057891,6.942109
27,9,[1.238050 1.381692 0.852772 1.805449 0.821224 0.559273 1.679015 0.752151 0.119503 0.422801 4.245698 0.759560 0.881214 1.236616 0.388384],26.152901,9.847099
27,10,[1.623088 1.199331 0.639101 2.357553 0.461759 0.991396 1.277247 0.681644 0.759560 0.950526 4.035612 0.930688 0.866874 1.110899 0.642925],22.163481,13.836519
27,11,[1.371654 1.102055 1.010755 1.369503 0.579111 1.032744 1.167304 0.638862 0.656310 0.509321 3.361138 1.133126 0.399140 1.065488 0.293499],20.050313,15.949687
27,12,[1.494025 1.281071 0.763384 2.008126 0.686424 1.070268 1.749044 0.941205 0.331023 0.293977 4.122849 1.453633 0.923996 1.496176 0.344646],27.972487,8.027513
28,1,[1.559512 0.697897 0.762428 2.456979 0.239006 0.668977 1.404637 0.946463 0.145793 0.524857 3.304015 1.459847 0.685707 1.514340 0.678776],29.067151,6.932849
28,2,[1.233031 0.980641 1.172084 2.267925 0.475621 0.621415 1.340344 0.502390 0.552820 0.786329 3.693595 1.626673 0.914436 1.493786 0.749761],24.589101,11.410899
28,3,[1.354207 1.115201 0.664436 2.472753 0.119503 0.560946 1.883843 0.464866 0.145793 0.575048 3.939054 1.321941 0.737094 1.562620 0.647467],32.038147,3.961853
28,4,[1.121176 0.996654 0.777247 2.138145 0.342734 0.972275 1.791587 0.997849 0.743308 0.825526 3.918499 1.287285 0.629780 1.077677 0.626195],27.342948,8.657052
28,5,[1.562620 0.575765 0.772467 1.827677 0.652964 0.539197 1.588671 0.902008 1.011950 0.444551 3.738050 1.200048 1.139818 1.115440 0.479207],21.847684,14.152316
28,6,[1.454350 1.336759 0.595602 2.302581 0.557839 0.679732 2.036329 0.456262 0.772467 0.641013 3.361138 1.102772 0.774857 1.245937 0.841778],23.116305,12.883695
28,7,[1.422084 0.896033 0.401530 1.985899 0.200048 0.879302 1.205784 0.316205 0.367591 0.915153 4.245698 1.226816 0.983270 1.107314 0.724904],21.616338,14.383662
28,8,[1.538002 1.059034 0.904637 1.816922 0.329350 0.938337 1.898423 0.844885 0.444551 0.119503 3.933317 1.638623 0.648184 1.759560 0.848948],28.715236,7.284764
28,9,[1.337954 0.690488 0.975143 2.018642 0.197658 0.663241 1.297323 1.151291 0.427820 1.084130 3.361138 1.414436 0.753824 1.576243 0.899379],29.729432,6.270568
28,10,[1.643403 0.811185 1.050430 1.909656 0.441444 0.808795 1.201482 1.113289 0.488289 0.595124 3.933317 1.373327 0.766252 1.161329 0.632409],22.315009,13.684991
28,11,[1.134082 1.158700 1.000000 1.852533 0.413002 0.589149 1.926147 0.953872 0.512667 0.467734 3.608987 1.407027 0.696941 1.206501 0.204350],23.165442,12.834558
28,12,[1.263384 1.099426 1.013384 1.937380 0.342734 0.919455 1.392447 0.818117 0.395315 0.792304 3.277008 1.171845 0.631931 1.326721 0.538002],24.860985,11.139015
29,1,[1.193117 0.817878 0.907266 2.227772 0.226099 0.960325 1.739962 0.808078 0.239006 0.581979 2.850621 1.408461 0.379063 1.724187 0.985421],32.386408,3.613592
29,2,[1.568356 0.910373 0.464866 2.341539 0.119503 0.374761 1.382648 0.777008 0.222275 0.827438 3.608987 1.161568 0.693834 1.774857 0.479207],23.018147,12.981853
29,3,[1.600860 0.722036 0.692400 2.267925 0.559273 0.262906 1.667782 1.082218 0.131453 0.885277 2.969407 1.233509 0.720124 1.395554 0.383843],23.840207,12.159793
29,4,[1.410851 1.071463 0.501912 2.319073 0.200048 0.847275 1.685468 0.822180 0.351099 0.977294 3.361138 1.173518 0.587476 1.817639 0.795172],23.649520,12.350480
29,5,[1.235182 0.759560 1.144837 2.005258 0.131453 0.782983 1.534895 0.711998 0.288241 0.598948 2.945029 1.353250 0.460325 1.512906 0.239723],29.930200,6.069800
29,6,[1.256692 1.019120 0.326482 2.202916 0.351338 1.026530 1.465583 0.657744 0.452438 0.526052 3.738050 1.391969 0.358509 1.947419 0.614245],21.936396,14.063604
29,7,[0.768642 0.442161 1.386711 2.274857 0.119503 0.479207 1.625478 0.834608 0.299235 0.250956 3.693595 1.137189 0.733748 1.127629 0.486616],28.832998,7.167002
29,8,[1.330306 1.256214 0.973231 2.284417 0.398423 0.659895 1.428298 0.649379 0.231119 0.453633 3.448375 1.220124 0.486855 1.361855 1.136472],26.792881,9.207119
29,9,[1.535612 1.166587 0.519837 2.077438 0.125478 0.416587 1.415153 0.979446 0.402725 0.545889 4.035612 1.437859 0.764579 1.619264 1.282983],22.196779,13.803221
29,10,[1.356836 1.037285 0.807839 1.741396 0.168021 0.651291 1.576243 0.810229 0.630019 0.874761 3.489484 0.785612 0.364723 1.362811 0.454111],29.634451,6.365549
29,11,[1.144837 0.738289 1.211281 2.248805 0.273901 0.411329 1.634321 0.928537 0.119503 0.726099 3.247371 1.206740 0.742591 1.631931 1.053776],27.227499,8.772501
29,12,[1.225621 1.262906 0.862333 1.931405 0.379780 0.498327 1.929254 1.376912 0.219885 0.773423 3.575765 1.579589 1.052581 1.706979 0.880258],21.896241,14.103759
30,1,[1.044216 0.707935 1.545889 1.989006 0.283461 0.642925 1.592256 0.314293 0.495220 0.827438 3.057839 1.723709 0.456501 1.229685 0.638623],24.087721,11.912279
30,2,[1.076721 1.025096 0.604685 2.132887 0.804732 0.423040 1.697180 1.293499 0.365918 0.692400 2.888623 1.380019 0.360421 1.539914 0.777964],26.919553,9.080447
30,3,[1.647706 0.858509 1.500717 2.322180 0.346080 1.263384 2.032505 0.841061 0.341300 0.161329 3.361138 1.315010 0.344646 2.296367 0.788480],26.751626,9.248374
30,4,[1.288241 0.787046 1.051147 2.119742 0.350382 0.663241 1.940010 0.519120 0.495220 1.056883 2.663002 1.189771 0.659895 1.615201 0.643403],21.149445,14.850555
30,5,[1.431166 0.797084 1.017447 2.297084 0.830306 0.958174 1.434512 0.516013 0.222275 0.293260 2.915392 1.060229 0.436663 1.565727 0.311663],24.386596,11.613404
30,6,[1.202916 0.812620 1.005019 2.256692 0.119503 1.305927 1.339149 0.682122 0.239006 0.484226 2.844407 1.188337 0.358509 1.712237 0.516252],22.068436,13.931564
30,7,[1.211281 0.559273 0.847992 2.401769 0.125478 0.748566 1.503824 1.201482 0.424474 0.837715 2.905593 1.429732 0.164436 1.358509 0.556883],24.194459,11.805541
30,8,[0.903920 0.372610 1.064532 2.180927 0.172084 0.449809 1.463671 1.099187 0.119503 0.774379 2.576482 0.831740 0.618786 1.394359 0.508843],25.954552,10.045448
30,9,[1.086998 0.749761 1.348470 2.396989 0.635038 0.536090 1.886233 0.783461 0.363767 0.218212 3.247371 1.472275 0.399140 1.688815 0.751195],27.352752,8.647248
30,10,[0.873327 0.594646 0.891491 2.337237 0.569073 0.531310 1.312620 1.340822 0.234943 0.619264 2.739006 0.889101 0.607314 1.284895 0.756931],22.745685,13.254315
30,11,[1.204350 0.481836 1.097514 2.294455 0.161329 0.577199 1.281310 1.014818 0.125478 0.762428 3.476577 1.489245 0.525335 1.450765 0.940249],25.096499,10.903501
30,12,[0.972514 0.918021 0.977294 1.963910 0.125478 0.227055 1.197180 0.554015 0.204828 1.008126 2.576482 1.305210 0.391013 1.275096 0.380258],25.704204,10.295796
